filename,n,time_in_seconds
../benchmarking_Gurobi/10x10/0a2e25d6-3136-4b07-80e5-77c01dbbb501.singles,10,2.712967
../benchmarking_Gurobi/10x10/1d585523-83dc-463e-9edd-13af51915f5a.singles,10,2.6048800000000005
../benchmarking_Gurobi/10x10/24886b84-22ca-4f2f-8023-5eddde121c3c.singles,10,2.7863179999999996
../benchmarking_Gurobi/10x10/25496793-fc72-49d6-8c35-9f40cdbad8cd.singles,10,2.713849999999999
../benchmarking_Gurobi/10x10/2cf3b8b5-0f26-4297-82a9-a6c6289038c3.singles,10,2.660775000000001
../benchmarking_Gurobi/10x10/3010e091-c362-4c79-b91e-8a8fea39c51c.singles,10,2.56269
../benchmarking_Gurobi/10x10/352296c0-d2b3-426b-9aa4-dc570e96dfff.singles,10,2.503371999999999
../benchmarking_Gurobi/10x10/4801c6c9-0ab6-4474-926a-30e1016c39c6.singles,10,2.6819810000000004
../benchmarking_Gurobi/10x10/50891ba2-5499-40e6-8c10-abea15a2f696.singles,10,2.6582040000000013
../benchmarking_Gurobi/10x10/64b3d745-5bba-42a3-a66e-a98b4322efe0.singles,10,2.7732810000000008
../benchmarking_Gurobi/10x10/66384c68-75b8-4bbe-bfd2-df956feeb3b6.singles,10,2.820491999999998
../benchmarking_Gurobi/10x10/6779e753-3719-4e52-984f-26bd4b2c1497.singles,10,9.289189000000004
../benchmarking_Gurobi/10x10/82567d63-4c09-49c0-9cb1-090ea2f78dfe.singles,10,3.268504
../benchmarking_Gurobi/10x10/89d70d78-dd99-410c-ac18-6463ee95878a.singles,10,2.9793239999999983
../benchmarking_Gurobi/10x10/8ad3a703-d74e-40d7-be8c-b727745d3b6a.singles,10,2.815348
../benchmarking_Gurobi/10x10/a2dc0fa8-6081-4c9a-9c7a-58b94fc7123d.singles,10,2.724905999999997
../benchmarking_Gurobi/10x10/af8f83ad-ecdc-4c1f-9283-9aa78268df1f.singles,10,2.8370689999999996
../benchmarking_Gurobi/10x10/bc5e0441-12d9-4815-867f-c24915fd1c73.singles,10,20
../benchmarking_Gurobi/10x10/bdb765bc-7406-4d02-93f8-7271bebe0c07.singles,10,3.588677000000004
../benchmarking_Gurobi/10x10/dbe093d5-0251-4558-b7f7-18abf1e621a7.singles,10,3.496508999999989
../benchmarking_Gurobi/11x11/2de6a5c7-35ea-4129-a622-097b3879b45a.singles,11,3.1418840000000046
../benchmarking_Gurobi/11x11/3cc68155-82b5-4143-a752-38e99e8eb239.singles,11,3.324587000000008
../benchmarking_Gurobi/11x11/3d8bcfc9-c6c0-444a-aa39-5cbe6d8aab9f.singles,11,3.0550839999999937
../benchmarking_Gurobi/11x11/440d826e-9457-417a-a5dd-c2b6b5cd7822.singles,11,2.818503000000007
../benchmarking_Gurobi/11x11/48c5cf29-7dfa-4830-8199-52ca1fcb5bd6.singles,11,5.118238999999988
../benchmarking_Gurobi/11x11/4a1aea74-c346-4366-a4f4-5beb1db8258d.singles,11,3.2910570000000092
../benchmarking_Gurobi/11x11/59e6bfa1-9d55-4639-b6d9-fb6fde9074e4.singles,11,2.898994000000002
../benchmarking_Gurobi/11x11/5b3af3ba-8327-43d6-8843-de67f107dd9f.singles,11,2.7604399999999885
../benchmarking_Gurobi/11x11/5e19513b-13d6-4ff3-b134-62ccc8ac57ac.singles,11,2.6921999999999997
../benchmarking_Gurobi/11x11/6615f6e8-265e-405f-b2bb-1e0732b8c6e0.singles,11,2.7333339999999993
../benchmarking_Gurobi/11x11/69ee1964-1539-462b-87d4-1dae2cf258f3.singles,11,2.819648000000001
../benchmarking_Gurobi/11x11/75dc66fd-b11d-4c79-85c8-7657da026a9c.singles,11,2.7909760000000006
../benchmarking_Gurobi/11x11/774daa08-925e-4cc2-9ac0-f8b2a48d6cab.singles,11,2.627112000000011
../benchmarking_Gurobi/11x11/8bcdbfaf-c1d2-4bb0-a19b-800a8fb9fdf4.singles,11,2.6768179999999973
../benchmarking_Gurobi/11x11/a57e7cb9-b5e6-4380-a3cd-781181a0a266.singles,11,2.7118049999999982
../benchmarking_Gurobi/11x11/b2395b54-369e-44e7-bb9e-fd03aac973e2.singles,11,2.71772
../benchmarking_Gurobi/11x11/bc8972b2-58e5-4811-9de6-ca9fbdea528f.singles,11,3.8220950000000045
../benchmarking_Gurobi/11x11/d3464b89-2fd1-4bd6-9e1c-99ab481680be.singles,11,2.556781000000001
../benchmarking_Gurobi/11x11/e6840ab5-c903-4b32-b2f4-e47ef831e51e.singles,11,2.822328999999982
../benchmarking_Gurobi/11x11/ef5f6fb5-8104-4992-847f-07a809cee4e3.singles,11,3.2325690000000122
../benchmarking_Gurobi/12x12/0b1d6083-b3fc-4562-ad4b-f0369aec1cbb.singles,12,3.246813000000003
../benchmarking_Gurobi/12x12/1040bc80-1bce-439e-9cfb-249979d105a2.singles,12,3.441089000000005
../benchmarking_Gurobi/12x12/151534a9-f818-4c93-82aa-bb25d3e1aa26.singles,12,3.8028869999999984
../benchmarking_Gurobi/12x12/1d23dbca-610a-4b3f-a81a-f20b1fbbf2dd.singles,12,2.9476479999999867
../benchmarking_Gurobi/12x12/27cd54e5-ff7e-43f2-b475-0c90156b5c73.singles,12,3.255773000000005
../benchmarking_Gurobi/12x12/30ea282b-476c-4dc1-8de4-a87203558a3e.singles,12,2.9809649999999976
../benchmarking_Gurobi/12x12/410a3b72-a6cf-4a21-9a2f-b32030e40656.singles,12,2.9055999999999926
../benchmarking_Gurobi/12x12/4f7c2a90-4d32-459f-a2a0-8d31ff787b15.singles,12,2.959885000000014
../benchmarking_Gurobi/12x12/56d4286e-fb27-4a62-af09-0ed92c43d6c7.singles,12,3.1834340000000054
../benchmarking_Gurobi/12x12/5f7281f1-89b1-44db-be6e-18cd19bcce54.singles,12,3.208929999999981
../benchmarking_Gurobi/12x12/6fe3a6c9-9a59-4770-8ad9-280537674389.singles,12,2.7308310000000233
../benchmarking_Gurobi/12x12/923eeb1f-7bff-4276-acd8-bd5dbcbacd74.singles,12,2.7552829999999915
../benchmarking_Gurobi/12x12/9a8c848f-18de-4a5c-8063-3af77b894358.singles,12,2.8814509999999984
../benchmarking_Gurobi/12x12/b1e43fd0-3e2c-4143-a715-000cbf92b292.singles,12,20
../benchmarking_Gurobi/12x12/b9e383af-81bd-45ac-a664-bc159e39ac49.singles,12,3.8715080000000057
../benchmarking_Gurobi/12x12/c12faf87-eb46-4433-a345-75e4fddd39ef.singles,12,3.4528359999999907
../benchmarking_Gurobi/12x12/d09b6f50-4d97-4754-a5b8-5071b5d4c995.singles,12,3.31565599999999
../benchmarking_Gurobi/12x12/de1fbf92-85a3-4bce-93bb-1e22d5241be3.singles,12,3.4127040000000193
../benchmarking_Gurobi/12x12/e0adb045-2621-4308-99ca-386e7b017f3f.singles,12,3.376546999999988
../benchmarking_Gurobi/12x12/fb5ffc21-5da6-460d-bf43-459d50e631b9.singles,12,3.1012890000000084
../benchmarking_Gurobi/13x13/20df3c9e-747e-413d-8999-c792fbf9a740.singles,13,2.941997999999984
../benchmarking_Gurobi/13x13/333a953f-639f-435a-8ce8-3b25d58e8967.singles,13,20
../benchmarking_Gurobi/13x13/3c786058-8573-47c3-a387-bca50cdca02e.singles,13,3.1517939999999953
../benchmarking_Gurobi/13x13/4aa1a713-fdc6-4b09-9e77-719a98ea3c19.singles,13,2.955331000000001
../benchmarking_Gurobi/13x13/5c97fc69-d0db-459f-aba2-7cd12e2a6873.singles,13,2.8474549999999965
../benchmarking_Gurobi/13x13/614b87bd-7185-4c93-8014-363b20e6b89a.singles,13,2.809250999999989
../benchmarking_Gurobi/13x13/720f9ff0-8ef5-40bf-8b2f-d3b6e51a1544.singles,13,2.809705000000008
../benchmarking_Gurobi/13x13/88bae664-c759-4634-9fea-74e30c0556af.singles,13,2.949721000000011
../benchmarking_Gurobi/13x13/8d0a8080-b2dd-4f4a-9456-5dfcbfeffdb3.singles,13,2.8973889999999756
../benchmarking_Gurobi/13x13/977b87ff-b9d3-4167-8a44-26de5225e772.singles,13,3.191794000000016
../benchmarking_Gurobi/13x13/a0604a6c-3c92-496d-93d2-c2939ee6181d.singles,13,2.8777849999999887
../benchmarking_Gurobi/13x13/a0f9878c-9e11-4d72-bb56-1e24afb54249.singles,13,2.574393000000015
../benchmarking_Gurobi/13x13/a8e0e4e3-a56f-4c76-9836-8528f99e27fb.singles,13,2.5765289999999936
../benchmarking_Gurobi/13x13/b1c60b36-9f5b-4534-965c-db2bf0c1a106.singles,13,2.678381999999999
../benchmarking_Gurobi/13x13/ca861649-c0db-4773-8409-27d35b018012.singles,13,2.849382999999989
../benchmarking_Gurobi/13x13/cf0dfd90-8f22-4562-8f86-08284e374908.singles,13,2.806652999999983
../benchmarking_Gurobi/13x13/d68bf3a0-919a-429e-a6c4-a606130f1fe5.singles,13,2.676654000000042
../benchmarking_Gurobi/13x13/e4df8d69-5aaa-4106-bd9e-6baa9e16bdad.singles,13,2.625140999999985
../benchmarking_Gurobi/13x13/e81b5974-1a0f-4750-a710-120cbc589fd7.singles,13,2.972960999999998
../benchmarking_Gurobi/13x13/f9b96d11-6000-4af3-b26d-23ed4a2f71b0.singles,13,3.049825999999996
../benchmarking_Gurobi/14x14/000cdc05-cdb9-40bc-b867-74cb4570b758.singles,14,2.9672669999999925
../benchmarking_Gurobi/14x14/051d0c64-d457-4211-aae6-ac044c3da6ec.singles,14,3.045333000000028
../benchmarking_Gurobi/14x14/2dfe56c8-4331-492c-b0c8-dd124bd64ea4.singles,14,3.9615679999999998
../benchmarking_Gurobi/14x14/34fd9ed9-cd3a-4495-9435-451d9d524980.singles,14,3.1073089999999866
../benchmarking_Gurobi/14x14/44ae9206-7fc4-47d8-a993-f763ac7fab0c.singles,14,3.078666999999996
../benchmarking_Gurobi/14x14/4613a26e-e04a-46d0-badb-d9e47e21606e.singles,14,3.0944319999999834
../benchmarking_Gurobi/14x14/4f3b4cfc-4c3d-4067-8361-7a5736178a92.singles,14,3.119954000000007
../benchmarking_Gurobi/14x14/6049770d-234f-41d6-baa8-410cb977723a.singles,14,3.635446999999999
../benchmarking_Gurobi/14x14/818cc106-2c30-4d46-81e2-3662c0aa9aa4.singles,14,3.5768390000000068
../benchmarking_Gurobi/14x14/903ab5cf-2207-4db0-96d5-0ef456ff2d24.singles,14,3.379222000000027
../benchmarking_Gurobi/14x14/b3ea547e-b93b-4ff4-8605-ef168f86ca0a.singles,14,6.127408000000003
../benchmarking_Gurobi/14x14/c1f65420-5753-4b76-a38f-b6bf22064845.singles,14,3.2177789999999504
../benchmarking_Gurobi/14x14/c5033330-ed72-4c98-ba6f-4c88dfee6e02.singles,14,3.233766000000003
../benchmarking_Gurobi/14x14/c7c226d5-2270-4190-aec7-4204af9e7b23.singles,14,3.777415000000019
../benchmarking_Gurobi/14x14/d8f2a701-9d3c-4907-9a2d-a5858e819c2e.singles,14,3.4625010000000316
../benchmarking_Gurobi/14x14/d9fb3302-d8a9-48af-b599-c3cf8d268b0b.singles,14,3.33202399999999
../benchmarking_Gurobi/14x14/e2e34812-63e4-496e-9e10-a92e6f086ff7.singles,14,3.0381140000000073
../benchmarking_Gurobi/14x14/e450d5fb-c31c-4fcd-a7a4-443eadb3dc23.singles,14,3.563697999999988
../benchmarking_Gurobi/14x14/e901dc4b-8999-4bf6-9376-cdb8349ebdf9.singles,14,2.885659999999973
../benchmarking_Gurobi/14x14/f90373dd-879f-4316-80eb-74b5f0e230c7.singles,14,2.779561000000001
../benchmarking_Gurobi/15x15/015e2d68-8b49-4924-8aa5-5a80d13f810e.singles,15,2.6933840000000373
../benchmarking_Gurobi/15x15/19ea01c0-3732-40f7-80fb-feb97aa7b86d.singles,15,20
../benchmarking_Gurobi/15x15/3f5ac68e-d566-43d5-b341-847b833c4b39.singles,15,20
../benchmarking_Gurobi/15x15/40857f55-7805-416c-baf2-d5b8ca63ef55.singles,15,3.5114829999999984
../benchmarking_Gurobi/15x15/489bbce3-d1e7-4004-aefe-00761d8ac5e2.singles,15,2.821072000000015
../benchmarking_Gurobi/15x15/4de182e6-e320-4dbd-a8be-79206c55f22b.singles,15,2.6234380000000215
../benchmarking_Gurobi/15x15/661e2a45-5aa5-49cb-876d-498672cb8d8f.singles,15,20
../benchmarking_Gurobi/15x15/6d0edaaf-39f0-45cc-aee0-be8144aface8.singles,15,2.8208829999999807
../benchmarking_Gurobi/15x15/8171f9c7-71ec-4441-aeeb-d3b45213706d.singles,15,2.6410960000000046
../benchmarking_Gurobi/15x15/93bfffb3-2e96-4f09-8f5e-c00f91955a7d.singles,15,2.90295500000002
../benchmarking_Gurobi/15x15/97c319d9-23cb-4f81-bac1-0c223efcaebb.singles,15,20
../benchmarking_Gurobi/15x15/a76599cf-cf82-4b2e-800d-d6945fda4fa2.singles,15,2.7633329999999887
../benchmarking_Gurobi/15x15/a885eb34-8953-422b-945a-780f3c038ebe.singles,15,2.7467100000000073
../benchmarking_Gurobi/15x15/b579e854-3882-4e32-b74f-d1cb324f51be.singles,15,2.8286469999999895
../benchmarking_Gurobi/15x15/b6e60d97-c900-4336-a58a-b4650c6c8dc1.singles,15,2.7169910000000073
../benchmarking_Gurobi/15x15/ba396776-9fc3-4228-bf99-0cdfea2e05ce.singles,15,20
../benchmarking_Gurobi/15x15/d2611ffa-163d-44fa-a963-43c99045ac70.singles,15,2.694870999999978
../benchmarking_Gurobi/15x15/d55de576-0f25-48e6-9d90-a36089072504.singles,15,2.6561960000000227
../benchmarking_Gurobi/15x15/da552ad3-fc82-4028-80b8-fa5ffaf55067.singles,15,3.032513999999992
../benchmarking_Gurobi/15x15/daa7a441-0a70-492b-a0f6-d1f019821260.singles,15,3.435346999999979
../benchmarking_Gurobi/16x16/16839a9d-0ee3-4d55-8a46-d193f029648b.singles,16,3.018297000000018
../benchmarking_Gurobi/16x16/2c269508-1a0c-46b0-9299-0ed02a0b0bcf.singles,16,3.146755999999982
../benchmarking_Gurobi/16x16/2ef57cf1-c680-4b9c-9880-1744a81cb958.singles,16,20
../benchmarking_Gurobi/16x16/31ef6ef3-5774-419b-8468-68d1d15f0984.singles,16,3.260863000000029
../benchmarking_Gurobi/16x16/3f9a8215-b789-43d5-9068-3aa6f715229a.singles,16,20
../benchmarking_Gurobi/16x16/5fa35d2e-98fb-4b01-a816-b1f68431420a.singles,16,20
../benchmarking_Gurobi/16x16/667b0ecc-5510-4e47-9039-0bf91ac7a67b.singles,16,3.053083000000015
../benchmarking_Gurobi/16x16/66c70160-dbf2-48a3-bfdb-e83db3f59cb1.singles,16,3.3786139999999705
../benchmarking_Gurobi/16x16/716ebffd-e50f-4873-9401-5b6f202fc255.singles,16,2.76770300000004
../benchmarking_Gurobi/16x16/7b4f716a-0482-4928-b994-86ebcbc9c459.singles,16,20
../benchmarking_Gurobi/16x16/85890cbd-aa91-4474-a44e-c0b316bea1a4.singles,16,20
../benchmarking_Gurobi/16x16/881640eb-9a1f-4ed2-8e0e-f44339f1df03.singles,16,2.859156999999982
../benchmarking_Gurobi/16x16/94540458-19c2-4f0f-bd77-fd69dcd499d8.singles,16,2.653446000000031
../benchmarking_Gurobi/16x16/94b23f8f-0d24-4876-949b-2372f7139388.singles,16,2.844050999999922
../benchmarking_Gurobi/16x16/97de34bf-d188-4c5f-82bc-9cdd365e2c16.singles,16,2.7953430000000026
../benchmarking_Gurobi/16x16/aa838fe7-4361-4d53-8f03-9449c8bad218.singles,16,2.6745540000000574
../benchmarking_Gurobi/16x16/d567f593-a0bb-4ea9-926e-4191a5bee3c8.singles,16,2.72013400000003
../benchmarking_Gurobi/16x16/da8a04cf-dd4e-4074-9ad0-ddd96e0a08e4.singles,16,2.785872999999924
../benchmarking_Gurobi/16x16/ea1f0340-74dc-43a5-becd-d5b584255501.singles,16,20
../benchmarking_Gurobi/16x16/f96221d6-5f56-4403-82fb-ecc0e1618afe.singles,16,2.8274880000000167
../benchmarking_Gurobi/17x17/0975eefc-c203-4896-8e67-af65d75de697.singles,17,2.916496000000052
../benchmarking_Gurobi/17x17/1860d2f8-e3e3-45ea-839d-428c24194230.singles,17,2.694823999999926
../benchmarking_Gurobi/17x17/1cb026a2-09e4-4064-9ab4-2b1954252d94.singles,17,20
../benchmarking_Gurobi/17x17/329e3553-97d3-4ae9-9531-707d2cc809e8.singles,17,5.445993000000044
../benchmarking_Gurobi/17x17/3a22c9e8-f975-4c2c-8ce5-3c4addeabdb8.singles,17,2.9647089999999707
../benchmarking_Gurobi/17x17/40b7f810-4975-4909-b9b6-de582b50b98e.singles,17,3.1587430000000722
../benchmarking_Gurobi/17x17/4c2c940c-ce7c-4b40-9d4a-ac5797f6b507.singles,17,9.782466
../benchmarking_Gurobi/17x17/7d076bab-1bb7-4acf-a7b4-345687869099.singles,17,5.874232000000006
../benchmarking_Gurobi/17x17/8c2054a4-22c9-4eb1-b132-207517bcd2b0.singles,17,5.45184299999994
../benchmarking_Gurobi/17x17/8ca16b49-00a4-471c-99e9-3c3fc2d16c28.singles,17,6.985649999999964
../benchmarking_Gurobi/17x17/913811f3-9f9f-4a2b-9b1a-d2540db6b9d7.singles,17,3.977649000000042
../benchmarking_Gurobi/17x17/91b3c096-a10c-456c-8b8b-42a30950e130.singles,17,3.185604000000012
../benchmarking_Gurobi/17x17/a42763a8-ba16-4583-b3cd-102366b5e027.singles,17,20
../benchmarking_Gurobi/17x17/c13055cb-6009-4860-968c-fd90b6c3d26c.singles,17,2.8918599999999515
../benchmarking_Gurobi/17x17/c2467840-0b5b-4064-a860-fbe96c95e594.singles,17,3.0771630000000414
../benchmarking_Gurobi/17x17/c4ead220-c8cd-4cf0-bf4d-9afa678dce99.singles,17,2.821998000000008
../benchmarking_Gurobi/17x17/d6aad9ef-05b0-47a9-961c-a94e86749d47.singles,17,3.025867999999946
../benchmarking_Gurobi/17x17/e6c6e4e8-11e7-4111-8268-14b40e65154c.singles,17,2.8162379999999985
../benchmarking_Gurobi/17x17/ee00d0ca-e311-436d-b50f-049e4f1f3f8f.singles,17,3.6960410000000365
../benchmarking_Gurobi/17x17/fca23964-6168-46a4-9577-7c827e8cb6b0.singles,17,20
../benchmarking_Gurobi/18x18/1392ea6a-c333-4620-9ebd-df3d54520b9b.singles,18,2.7702940000000353
../benchmarking_Gurobi/18x18/1d17dda7-6f77-4bac-98db-d4566e039a89.singles,18,2.867735000000039
../benchmarking_Gurobi/18x18/1e7d2760-9ab6-4036-96fc-10f71e7d6e22.singles,18,4.133475999999973
../benchmarking_Gurobi/18x18/472c3c5b-6a33-4d50-bc8c-baf40031fa03.singles,18,3.141668999999979
../benchmarking_Gurobi/18x18/566c0890-c2b5-47a3-8e79-df9c41cc35cb.singles,18,2.85803999999996
../benchmarking_Gurobi/18x18/5b1520c6-f0a3-451e-9bee-915892049ff4.singles,18,2.683238000000074
../benchmarking_Gurobi/18x18/5bcdfd15-2aa0-4c1f-bcf9-e31635be228a.singles,18,20
../benchmarking_Gurobi/18x18/61e2f11c-a9e5-49d3-b1a8-5e414c4da1d5.singles,18,20
../benchmarking_Gurobi/18x18/6ee37302-4120-450d-8ac5-3ac041175d92.singles,18,2.7431550000000016
../benchmarking_Gurobi/18x18/748435bf-8697-4491-aeab-5915cee1599c.singles,18,2.8380019999999604
../benchmarking_Gurobi/18x18/7a673fc1-502d-4c08-abc6-1b1114158f3b.singles,18,6.181257000000073
../benchmarking_Gurobi/18x18/91522536-2ebc-4e06-89ed-40cdec36b06e.singles,18,20
../benchmarking_Gurobi/18x18/91eba965-2a56-45b6-9ce9-cb67c54fe2bc.singles,18,2.570204999999987
../benchmarking_Gurobi/18x18/9e50d86b-060e-4d73-b70b-81e45db45185.singles,18,3.8080019999999877
../benchmarking_Gurobi/18x18/c87ecda1-fd8e-4529-9b5d-379a1be6bcbe.singles,18,3.3749990000000025
../benchmarking_Gurobi/18x18/d29417dc-ed24-477d-be13-27eb50ce9f52.singles,18,2.550520000000006
../benchmarking_Gurobi/18x18/ddc59963-e8ba-4670-932f-3b95fb7bc614.singles,18,2.6222229999999627
../benchmarking_Gurobi/18x18/e3a1dac6-7ad9-4fc4-b1de-21292239f08c.singles,18,4.1602719999999636
../benchmarking_Gurobi/18x18/eb9c2b58-d920-41ad-b92f-90c0cb1d5764.singles,18,2.889015000000086
../benchmarking_Gurobi/18x18/eba50585-1697-48ea-8ba8-568b724908ab.singles,18,3.1328439999999773
../benchmarking_Gurobi/19x19/0f14b09c-6506-491d-b42d-51d68db2bf83.singles,19,20
../benchmarking_Gurobi/19x19/12417a13-0b19-4aee-8407-5bc724b31e16.singles,19,20
../benchmarking_Gurobi/19x19/212bffc2-f195-498a-97b2-008c7b14c5d3.singles,19,20
../benchmarking_Gurobi/19x19/24c9d0f3-dcde-4691-81b3-fb0613e886a3.singles,19,5.206570000000056
../benchmarking_Gurobi/19x19/25ff2c10-9783-4ddb-ad27-53cf403dc8ad.singles,19,20
../benchmarking_Gurobi/19x19/39e8b28f-3e1e-46b0-89d1-c516b7830fbe.singles,19,20
../benchmarking_Gurobi/19x19/58baa455-dfc3-437c-bd79-fcb56e96743c.singles,19,20
../benchmarking_Gurobi/19x19/6aa57f88-68ff-420d-8333-fcd2a39463b6.singles,19,3.0443019999999024
../benchmarking_Gurobi/19x19/76cf5f88-7477-4963-8737-102c7c1882e8.singles,19,20
../benchmarking_Gurobi/19x19/921c99b9-16ee-4162-88ee-1bad6c467b25.singles,19,7.377815999999939
../benchmarking_Gurobi/19x19/9f113ece-485e-4c21-8b89-fe0a545fdcc3.singles,19,20
../benchmarking_Gurobi/19x19/a1bda440-bedb-4f11-b5d5-6acd0c4bb698.singles,19,20
../benchmarking_Gurobi/19x19/c84c8561-0154-4c8c-91b6-9191719baa90.singles,19,3.285077000000001
../benchmarking_Gurobi/19x19/ca37b910-9fab-416e-887f-dbfb0038e981.singles,19,9.043410999999992
../benchmarking_Gurobi/19x19/ddf3cedc-fb74-41df-b464-39f2c06dd2f6.singles,19,4.017171000000076
../benchmarking_Gurobi/19x19/ee9f292a-4e8c-4558-b090-60bf2e134989.singles,19,20
../benchmarking_Gurobi/19x19/efc2bd4a-b6b6-4c8e-92bb-46c96938fda7.singles,19,5.454156000000012
../benchmarking_Gurobi/19x19/f148acfb-6c53-41de-b429-e52ef36bfd35.singles,19,2.91203500000006
../benchmarking_Gurobi/19x19/f1e21aa3-192b-4288-be01-f7f1593c1cc2.singles,19,20
../benchmarking_Gurobi/19x19/f7b7c7be-5e8b-4ef0-b7f9-8dd4414610b5.singles,19,3.2448419999999487
../benchmarking_Gurobi/20x20/0190f67d-0282-4266-8496-ceb4f0af3535.singles,20,20
../benchmarking_Gurobi/20x20/0d52e16f-f988-4ca9-989d-0c1f8c97fdb4.singles,20,4.332998000000089
../benchmarking_Gurobi/20x20/1d736a12-d092-4ce5-a5b9-8a639160004e.singles,20,2.9389719999999215
../benchmarking_Gurobi/20x20/220e5572-e50c-4d0c-a0d4-0aed20d8b712.singles,20,20
../benchmarking_Gurobi/20x20/2e78cf26-cd39-42f1-a1aa-f0f63c44e382.singles,20,20
../benchmarking_Gurobi/20x20/3518b185-793f-4e44-b855-2ac1eac0032d.singles,20,2.950150000000008
../benchmarking_Gurobi/20x20/4120de95-2582-4d8f-b0ca-055d069fd35f.singles,20,2.8274089999999887
../benchmarking_Gurobi/20x20/4d5d842c-a71c-4534-96cd-2325fac3815e.singles,20,20
../benchmarking_Gurobi/20x20/56cc9851-771b-4078-b4d8-26e88f5bcc1a.singles,20,2.685662999999977
../benchmarking_Gurobi/20x20/5a4edc3b-8c2d-4e04-9710-47530bd0c668.singles,20,20
../benchmarking_Gurobi/20x20/62cd6a57-3ddf-4766-ac2e-7ca4953f59e3.singles,20,3.1361530000000357
../benchmarking_Gurobi/20x20/868ba5bf-7879-49d1-bcce-593a3f1d45f2.singles,20,3.4616119999999455
../benchmarking_Gurobi/20x20/8743e378-6c1d-4b46-91b0-d0d55a377568.singles,20,20
../benchmarking_Gurobi/20x20/8d7c4a8c-a5ca-4ee4-b404-e35fc7026aa0.singles,20,20
../benchmarking_Gurobi/20x20/93f7a502-1f8a-46e6-9f90-2fba6eaca752.singles,20,20
../benchmarking_Gurobi/20x20/98f86d37-9f0d-4445-8167-2b1e13946feb.singles,20,5.6527790000000095
../benchmarking_Gurobi/20x20/b232baf4-ee81-45cc-a2f9-cec10b98edab.singles,20,3.353796999999986
../benchmarking_Gurobi/20x20/c242ca72-e998-4edf-985e-6fc7a69768fd.singles,20,3.177028000000064
../benchmarking_Gurobi/20x20/d7ad4f35-347f-4f50-9cd3-e098e031949d.singles,20,3.302247999999963
../benchmarking_Gurobi/20x20/f6389095-60a0-4a2c-9543-2d8374f0e00b.singles,20,3.776585999999952
../benchmarking_Gurobi/21x21/069d922a-898a-4839-8f4e-b225e447d460.singles,21,3.306415999999899
../benchmarking_Gurobi/21x21/1b80df7e-60b0-4760-b936-a452a7913159.singles,21,3.3258690000000115
../benchmarking_Gurobi/21x21/2f946c34-8c55-4871-9e44-d5d6999ecc6a.singles,21,3.777039000000059
../benchmarking_Gurobi/21x21/33f042dc-e9fd-4383-b310-f43958c7bf47.singles,21,3.703482000000122
../benchmarking_Gurobi/21x21/3dc07012-396d-4a4f-9b22-1ee77f09aac3.singles,21,20
../benchmarking_Gurobi/21x21/4e2eced2-e514-4326-9219-db9a65e8ce41.singles,21,20
../benchmarking_Gurobi/21x21/6a063f7d-d18d-4645-b36d-4ce9bc0550a6.singles,21,20
../benchmarking_Gurobi/21x21/7ffce4f6-a0ec-4ef7-bea8-96482da35fa9.singles,21,2.8308190000000195
../benchmarking_Gurobi/21x21/87a998b5-5bf5-4f1c-a117-de322cd104cf.singles,21,20
../benchmarking_Gurobi/21x21/ac2b4a23-e202-4aea-83c8-849e5e1b987a.singles,21,20
../benchmarking_Gurobi/21x21/b9dfb1af-0a94-48e1-8592-d4a2f0314f80.singles,21,20
../benchmarking_Gurobi/21x21/b9e5d609-f8a2-4301-b542-4e2989049967.singles,21,20
../benchmarking_Gurobi/21x21/be74ac67-2397-4deb-84f6-0f836d804244.singles,21,20
../benchmarking_Gurobi/21x21/c9103f6b-3f49-44d0-9200-d575a65b5193.singles,21,20
../benchmarking_Gurobi/21x21/cacf9150-8006-4825-bef2-9e8eac24630b.singles,21,2.8709510000001046
../benchmarking_Gurobi/21x21/cf59d085-66d9-4995-a9aa-e6b3dc162598.singles,21,3.4518819999998414
../benchmarking_Gurobi/21x21/d026c27a-4389-4f8c-a988-c27370d76c1a.singles,21,2.7078030000000126
../benchmarking_Gurobi/21x21/df5ff300-c228-4155-9657-d6cb3626be8a.singles,21,20
../benchmarking_Gurobi/21x21/ec128b5a-fb13-4f66-81ad-49b7b868fdca.singles,21,4.877610999999888
../benchmarking_Gurobi/21x21/fd5d4b3c-842d-4cc4-a829-73e660ab25c0.singles,21,3.9686169999999947
../benchmarking_Gurobi/22x22/01645cd3-ea40-493f-a178-d8f045530103.singles,22,4.604133999999931
../benchmarking_Gurobi/22x22/1838ee97-2717-43d3-880f-affd30873bd8.singles,22,20
../benchmarking_Gurobi/22x22/2442d8d2-af39-4abb-aa89-c5baa9f5da13.singles,22,20
../benchmarking_Gurobi/22x22/2b04d09c-86cb-4007-989e-ed0f6adacac6.singles,22,3.073528000000124
../benchmarking_Gurobi/22x22/4c79e279-2c94-4440-9b21-18f21b6f471c.singles,22,3.3716739999999845
../benchmarking_Gurobi/22x22/4cfcd8be-6280-4cd7-b077-f1ef7cd1b691.singles,22,20
../benchmarking_Gurobi/22x22/69a29bf1-e8ee-4f19-bdb4-a29ffaf7b2d9.singles,22,20
../benchmarking_Gurobi/22x22/84856e44-8ae6-4911-91b8-ca11e4bc40a8.singles,22,9.171915000000126
../benchmarking_Gurobi/22x22/a8bac2e2-782b-4cab-a23f-2c9126554b94.singles,22,20
../benchmarking_Gurobi/22x22/b8a53576-f646-477f-a379-b5d91b5cd91f.singles,22,4.291071999999986
../benchmarking_Gurobi/22x22/c1c7ca7f-e2e7-4862-9010-c8f612810603.singles,22,2.843943999999965
../benchmarking_Gurobi/22x22/ca958aa7-588b-458b-abfb-1f4065caadb0.singles,22,20
../benchmarking_Gurobi/22x22/d2e52599-6491-4f7e-9a5f-182bd7231624.singles,22,2.98073700000009
../benchmarking_Gurobi/22x22/d737c506-5ccd-47c9-9233-49f07a8dd662.singles,22,20
../benchmarking_Gurobi/22x22/daafd6d0-3b34-41c8-9830-ebe3ea6792b7.singles,22,2.9351160000001073
../benchmarking_Gurobi/22x22/e54dd6bf-330d-4379-9c51-97e3806812fa.singles,22,9.711710999999923
../benchmarking_Gurobi/22x22/e5c01a43-424b-437f-a715-67e8a6dacdbc.singles,22,20
../benchmarking_Gurobi/22x22/e5d2ed04-4644-45f4-9591-2083f57269f3.singles,22,20
../benchmarking_Gurobi/22x22/f092db19-2c74-4ff3-aafd-3ec73d20b630.singles,22,3.320686999999907
../benchmarking_Gurobi/22x22/fd1ef085-9cf3-451a-b8b2-a4feb886574c.singles,22,20
../benchmarking_Gurobi/23x23/187e8acd-e4c7-4f14-bb88-94f4f26333f8.singles,23,2.839805999999953
../benchmarking_Gurobi/23x23/1e89bcd0-c6f9-405c-baa1-4d1d0aa26af1.singles,23,4.584993999999824
../benchmarking_Gurobi/23x23/5243c2ed-fd0d-434d-94d4-dee6abf2649f.singles,23,4.572114000000056
../benchmarking_Gurobi/23x23/8c6b7c85-e503-445b-86b9-11e13494ac42.singles,23,4.921941000000061
../benchmarking_Gurobi/23x23/c7e6f119-d108-4b29-94de-f030c72f8263.singles,23,4.178674999999885
../benchmarking_Gurobi/23x23/d0c5abb6-3699-4166-b790-aadf82ae9e6b.singles,23,5.403841000000057
../benchmarking_Gurobi/23x23/ef7d37c9-9fa1-4572-b865-af272f12b75c.singles,23,3.110096999999996
../benchmarking_Gurobi/23x23/f70f4141-c35c-4671-b57d-7cb2114591c5.singles,23,5.752868999999919
../benchmarking_Gurobi/23x23/f90bb89d-37a2-4745-84aa-12edc7a05c49.singles,23,3.040471000000025
../benchmarking_Gurobi/24x24/3eaa0a0c-ef30-4d40-a1ba-6c9279d9c7a0.singles,24,3.114806999999928
../benchmarking_Gurobi/2x2/00a3a421-6531-4b15-a79e-37e9ba373fa1.singles,2,2.814137999999957
../benchmarking_Gurobi/2x2/0ab48e49-ea3e-4982-9f25-54a2b7d6e065.singles,2,2.663344000000052
../benchmarking_Gurobi/2x2/13c330aa-6b28-4086-8d08-3d140a97ca1a.singles,2,2.74441499999989
../benchmarking_Gurobi/2x2/22a2cd83-d929-429a-8791-91672f87be49.singles,2,3.129143000000113
../benchmarking_Gurobi/2x2/231c1be5-4923-46a2-9f70-6b8d995b972a.singles,2,3.0627739999999903
../benchmarking_Gurobi/2x2/26dfad8c-58cb-48c1-acd0-93bf85b73007.singles,2,2.8027099999999336
../benchmarking_Gurobi/2x2/46bacc83-0e3f-4cba-9448-bd903a281e28.singles,2,2.7620140000001356
../benchmarking_Gurobi/2x2/54e3c9be-7511-4e48-8b28-2597779c195d.singles,2,2.836026999999831
../benchmarking_Gurobi/2x2/5ddcb2d3-0466-43a7-9b36-7ecf5ca46b66.singles,2,2.805574000000206
../benchmarking_Gurobi/2x2/6b23db46-6f85-4b8c-b2d2-181b317b12fb.singles,2,2.8142449999998007
../benchmarking_Gurobi/2x2/6bb4aaa8-2790-4e5a-8454-bb3baef14c13.singles,2,2.841951999999992
../benchmarking_Gurobi/2x2/6d46ea4c-0057-42f2-bad2-e9c17239dfec.singles,2,3.0337090000000444
../benchmarking_Gurobi/2x2/76e9cae0-8e40-4bcd-908f-9c7e64659924.singles,2,3.002610000000004
../benchmarking_Gurobi/2x2/785ab4b5-b235-4c80-90f1-7d6ea013e915.singles,2,2.901845000000094
../benchmarking_Gurobi/2x2/7cf5760f-b3a9-46dd-98fb-724645ab04f4.singles,2,3.0288029999999253
../benchmarking_Gurobi/2x2/9d089fd2-23a9-4334-89ef-a0a472e8aa1c.singles,2,2.791586000000052
../benchmarking_Gurobi/2x2/9ffd0e3e-a335-43cd-91c7-5e4b5bb9200c.singles,2,2.8957510000000184
../benchmarking_Gurobi/2x2/a76042af-e23f-45f0-b887-1740102eb2f8.singles,2,2.882086000000072
../benchmarking_Gurobi/2x2/aee3ff98-9fa5-4267-b725-c2c90e62a4d2.singles,2,2.996782999999823
../benchmarking_Gurobi/2x2/df043450-0184-463e-9e76-692ae899df10.singles,2,3.008342999999968
../benchmarking_Gurobi/3x3/02476ec8-14e2-4074-86e3-7ac8940fb096.singles,3,3.2468230000001768
../benchmarking_Gurobi/3x3/03ba849f-d8fe-44f7-8876-c6d42a760528.singles,3,3.1027819999999338
../benchmarking_Gurobi/3x3/03f66845-f36a-41e7-a6ab-b13732cb2d40.singles,3,3.0339460000000145
../benchmarking_Gurobi/3x3/0c225da6-7dad-4a52-89a1-70445a8db0e8.singles,3,3.0572159999999258
../benchmarking_Gurobi/3x3/0c502a57-9e28-4783-88ab-9c6434bd3f75.singles,3,3.278105000000096
../benchmarking_Gurobi/3x3/0fe3a14a-55a9-46df-90d0-818d8edae9fc.singles,3,3.3165349999999307
../benchmarking_Gurobi/3x3/25494c8b-28ad-4993-872f-4614a2ed63a4.singles,3,3.1870389999999134
../benchmarking_Gurobi/3x3/2bd8ba9e-526c-4a5f-bbf5-c08f535a0b7b.singles,3,3.242003000000068
../benchmarking_Gurobi/3x3/34e300e1-08d6-495d-a6b3-fb6214af34ac.singles,3,2.9882780000000366
../benchmarking_Gurobi/3x3/3b6fc79b-fd08-4f61-86e2-6aa0d9024239.singles,3,2.889942000000019
../benchmarking_Gurobi/3x3/62e4f35d-bcf6-4624-aeea-be9df6377a46.singles,3,2.760095999999976
../benchmarking_Gurobi/3x3/84c0a610-015b-4b1a-9e42-a67e3200b87a.singles,3,2.812550000000101
../benchmarking_Gurobi/3x3/9f254189-3d8b-45a5-b730-25fff3263b47.singles,3,2.747071999999889
../benchmarking_Gurobi/3x3/afa686c8-9882-4e5f-a06f-2c5548551f95.singles,3,2.6366989999999078
../benchmarking_Gurobi/3x3/c5f43105-bd96-4504-9692-c63815fbd5dc.singles,3,2.732296000000133
../benchmarking_Gurobi/3x3/ca849ce3-81e0-44f9-9af7-32f8d51125ef.singles,3,2.87189699999999
../benchmarking_Gurobi/3x3/cc6ccf31-29e1-4fdd-947b-6e660400e4d8.singles,3,3.1268159999999625
../benchmarking_Gurobi/3x3/e4cde744-b308-4c71-86dd-a1e00b6bc694.singles,3,3.4769779999999173
../benchmarking_Gurobi/3x3/ed67ed9f-38b3-4d48-a45e-2b74b4613f19.singles,3,3.448240000000169
../benchmarking_Gurobi/3x3/f676a002-a9cf-43c8-b007-c20431e81d37.singles,3,3.3456730000000334
../benchmarking_Gurobi/4x4/0086e051-f0e3-49ac-8b8b-d492315e70df.singles,4,3.1110839999998916
../benchmarking_Gurobi/4x4/15cbd953-e127-4719-8123-b4beda203fdc.singles,4,3.151497000000063
../benchmarking_Gurobi/4x4/2b5c1274-8f96-4c27-98d7-0305b519f929.singles,4,3.1313659999998436
../benchmarking_Gurobi/4x4/2cc4d6c5-c344-4b45-a5a4-067487c6538e.singles,4,2.840571000000182
../benchmarking_Gurobi/4x4/2e4235d1-bbaf-4ee1-893e-5566dcde8c03.singles,4,2.7846519999998236
../benchmarking_Gurobi/4x4/3963943b-7f1f-486c-a8bc-013a29418f21.singles,4,2.8133010000001377
../benchmarking_Gurobi/4x4/3a344abb-1090-451c-aed3-eaed025422a2.singles,4,2.726454999999987
../benchmarking_Gurobi/4x4/3c134c7c-a876-4a6a-b517-1a813231fe01.singles,4,2.8957479999999123
../benchmarking_Gurobi/4x4/53e110ba-b495-4f6c-b6ed-2db9efe2438f.singles,4,2.888259000000062
../benchmarking_Gurobi/4x4/55a1d06c-684f-45e4-98dd-9695c885b829.singles,4,2.913467999999966
../benchmarking_Gurobi/4x4/60ae2874-4438-4b70-95fc-933b4a92ccd1.singles,4,2.79672400000004
../benchmarking_Gurobi/4x4/71750631-9534-48a7-a50c-b92e73edf9e9.singles,4,2.821427000000085
../benchmarking_Gurobi/4x4/73895115-c876-41db-aa81-851b758052c0.singles,4,2.795600999999806
../benchmarking_Gurobi/4x4/79097120-34a7-4dfe-a703-fb503a80ad77.singles,4,2.7057620000000497
../benchmarking_Gurobi/4x4/7c1fe202-98c1-417a-bdb2-b02b99393fcd.singles,4,2.725550000000112
../benchmarking_Gurobi/4x4/b221cd38-9819-4659-8b44-817216ace3c4.singles,4,2.763061999999991
../benchmarking_Gurobi/4x4/b3f17c6d-6365-4351-93f7-ec5d38072ef8.singles,4,2.851318999999876
../benchmarking_Gurobi/4x4/b9196878-6a99-4bc1-9cd1-51d51f2eac01.singles,4,2.767035000000078
../benchmarking_Gurobi/4x4/c25c37d0-1d50-43b2-98f0-292581187834.singles,4,2.804116000000022
../benchmarking_Gurobi/4x4/dd68c295-7e00-4726-a203-e5ab8ded3bed.singles,4,2.693455999999969
../benchmarking_Gurobi/5x5/0074e103-c448-4c9b-9098-c5cf1a6bb2a4.singles,5,3.0996010000001206
../benchmarking_Gurobi/5x5/0b5aa6ab-5026-4325-90ce-e1c95fd9fb4e.singles,5,3.085548999999901
../benchmarking_Gurobi/5x5/159ccda9-774f-4b7b-9a79-46fab59cdc77.singles,5,2.9400470000000496
../benchmarking_Gurobi/5x5/16c324b8-5c7e-49d2-89e1-f8b435592d04.singles,5,3.114165999999841
../benchmarking_Gurobi/5x5/26b342b9-c411-4fc4-866e-4a29ac346fd0.singles,5,2.9560290000001714
../benchmarking_Gurobi/5x5/57d3d730-b8fb-4389-ade8-dee55b0f011f.singles,5,2.7369119999998475
../benchmarking_Gurobi/5x5/5f779a1d-2465-49cb-a4e6-13cf3afabfd6.singles,5,2.836577000000034
../benchmarking_Gurobi/5x5/8c954050-e50e-4f07-8792-75d755e76dd5.singles,5,2.8761400000000776
../benchmarking_Gurobi/5x5/9834ba02-ef69-4bcf-b8ec-f1bfb5ae43a1.singles,5,2.835503000000017
../benchmarking_Gurobi/5x5/b0b2b8ca-f103-4c5c-b052-2c9aa12e6c77.singles,5,2.803038000000015
../benchmarking_Gurobi/5x5/b159248c-0805-4b4d-9c19-d5a564fcd537.singles,5,2.9312529999999697
../benchmarking_Gurobi/5x5/c53f310d-f499-4796-8cda-0632bb11b4a2.singles,5,2.885229999999865
../benchmarking_Gurobi/5x5/c6c38052-1dc5-40a5-9b7c-bf09c783d92e.singles,5,2.844182000000046
../benchmarking_Gurobi/5x5/cf7ece13-591c-4123-8132-9c6ef84571c1.singles,5,2.8921530000000075
../benchmarking_Gurobi/5x5/d410e7c4-785d-4292-82fd-951655372239.singles,5,2.9842479999999796
../benchmarking_Gurobi/5x5/d46f13e9-46f6-49de-8078-23b0c0e3727f.singles,5,2.759958000000097
../benchmarking_Gurobi/5x5/e03ae456-9bf2-4db6-bfce-a3c99a5dd12a.singles,5,2.8144150000000536
../benchmarking_Gurobi/5x5/e20534f5-f0cb-4b71-9920-6828f95b4e5a.singles,5,2.6565140000000156
../benchmarking_Gurobi/5x5/ebeefb69-4b3e-42e5-8953-23796a97777e.singles,5,2.8672959999998966
../benchmarking_Gurobi/5x5/f7154b2c-ff35-45dd-a9d7-16151a6601d9.singles,5,2.838668000000098
../benchmarking_Gurobi/6x6/017b5f8e-c21b-4057-9635-c3d1ca50f9f0.singles,6,2.8506709999999202
../benchmarking_Gurobi/6x6/09036e58-3925-4edd-99ca-f6296144004e.singles,6,2.846651999999949
../benchmarking_Gurobi/6x6/1b9fc4b1-0c59-46e8-95c3-bbeb6ad1f7a2.singles,6,2.8712500000001455
../benchmarking_Gurobi/6x6/2e308068-f31c-4fe5-b1cc-80e2d5b8ad5e.singles,6,2.701757999999927
../benchmarking_Gurobi/6x6/45336fbf-a27c-468a-a552-dfcbb074afb7.singles,6,2.760099999999966
../benchmarking_Gurobi/6x6/4baf5d8d-00fe-4edd-9c66-4ba089e0b71c.singles,6,2.728704999999991
../benchmarking_Gurobi/6x6/5e6faa7e-2f55-40fd-b404-2ebd6dab257c.singles,6,2.8254970000000412
../benchmarking_Gurobi/6x6/5fb26be6-2980-4d02-9651-3aa961a07d1d.singles,6,2.8086909999999534
../benchmarking_Gurobi/6x6/6d5d6d9d-5e83-4899-b003-ae48235d74b6.singles,6,2.9968759999999293
../benchmarking_Gurobi/6x6/7e91c27a-2d87-4382-babb-81f81985d26b.singles,6,3.096913000000086
../benchmarking_Gurobi/6x6/80ebf8ac-6b77-46ac-8db6-910d7ca9740d.singles,6,3.017669000000069
../benchmarking_Gurobi/6x6/8c26c342-7495-453c-b199-15d237576696.singles,6,2.8705969999998615
../benchmarking_Gurobi/6x6/9fc87617-c732-4103-add9-2cc23986eb8a.singles,6,2.7919910000000527
../benchmarking_Gurobi/6x6/a775c5be-ba0e-4b7d-a388-ccc522a40377.singles,6,2.8625710000001163
../benchmarking_Gurobi/6x6/c953d395-c567-4fff-a53b-cce41c481b3a.singles,6,2.7109079999997903
../benchmarking_Gurobi/6x6/dda788c1-8ebf-47c6-83a4-0f75a6481e8f.singles,6,2.7007760000001326
../benchmarking_Gurobi/6x6/e1527dec-4847-43e4-8b24-57993948debb.singles,6,2.6516679999999724
../benchmarking_Gurobi/6x6/e4da84ad-3ec6-484e-85da-666549d8232d.singles,6,2.821104000000105
../benchmarking_Gurobi/6x6/e8e1bb51-e2a2-41cd-a3e8-2fc4b92d01e6.singles,6,3.0496979999998075
../benchmarking_Gurobi/6x6/ea68ad57-1244-46a1-9288-c7092a4b0b95.singles,6,2.974839000000202
../benchmarking_Gurobi/7x7/1c626e5e-0d55-4e41-9afe-6e0f5012581e.singles,7,2.792248999999856
../benchmarking_Gurobi/7x7/40aa7e65-aec3-4bc3-82f3-40d28fb745a6.singles,7,2.8826970000000074
../benchmarking_Gurobi/7x7/410d8079-ddb3-4f7c-95cc-5dea0e10439d.singles,7,2.764891000000034
../benchmarking_Gurobi/7x7/50274571-a636-4128-9267-b4f227f23377.singles,7,3.8907400000000507
../benchmarking_Gurobi/7x7/6550179f-680a-4280-8530-6cf03b1d46fa.singles,7,2.7646899999999732
../benchmarking_Gurobi/7x7/691a5b51-2ee4-4ccc-9137-349e2a573a9a.singles,7,2.784515000000056
../benchmarking_Gurobi/7x7/6e4bfdee-00ab-4eb6-8679-0e980332733f.singles,7,2.854805999999826
../benchmarking_Gurobi/7x7/6e7bc8a8-eee0-4682-b2d3-0014083b62da.singles,7,2.888697000000093
../benchmarking_Gurobi/7x7/74704054-f690-4913-a121-4d62d48da604.singles,7,2.7338740000000143
../benchmarking_Gurobi/7x7/8282c68f-3ea1-4bf0-8a7c-4ee9134a698d.singles,7,2.7576469999999063
../benchmarking_Gurobi/7x7/bc651b12-e3cf-4802-86c0-27a7c16fc96e.singles,7,2.989675000000034
../benchmarking_Gurobi/7x7/bd7f0762-debe-4c26-992e-2ce7ce5e3d4e.singles,7,2.8338940000001003
../benchmarking_Gurobi/7x7/c54b9dcc-41fb-477e-ae84-619d498f68d4.singles,7,2.871016999999938
../benchmarking_Gurobi/7x7/d79f9450-a695-46c7-b3ce-9dfe61dbdfe4.singles,7,2.8414009999999053
../benchmarking_Gurobi/7x7/e4993c9c-f8a6-4ac5-9a46-f826ee4f72a0.singles,7,2.8478170000000773
../benchmarking_Gurobi/7x7/f1791d33-cc70-4267-9dac-b5b14146014c.singles,7,2.9152650000000904
../benchmarking_Gurobi/7x7/f2b76796-6c81-451f-947b-33436d731083.singles,7,2.8457039999998415
../benchmarking_Gurobi/7x7/f4d10483-47c8-44fe-a465-01041c320556.singles,7,2.8752360000000863
../benchmarking_Gurobi/7x7/f94bbbea-d675-4998-a092-9b9c5384d111.singles,7,2.719908000000032
../benchmarking_Gurobi/7x7/fed20a50-5ee1-4d93-8ad3-c9d2d057e381.singles,7,2.9651189999999588
../benchmarking_Gurobi/8x8/140a07a2-a771-44c8-9e18-ca9fccfaf94d.singles,8,2.7574540000000525
../benchmarking_Gurobi/8x8/207ab56b-6ff0-4160-b67c-93c5334d1bd2.singles,8,2.740285999999969
../benchmarking_Gurobi/8x8/2215f8e1-f588-4b04-9eed-6e8dadd90efd.singles,8,2.8278150000001006
../benchmarking_Gurobi/8x8/2c6778a3-85f9-41ab-b296-76021dbfbb12.singles,8,3.191764999999805
../benchmarking_Gurobi/8x8/39305c43-5371-4b82-9c8a-da96325622ac.singles,8,2.9754340000001775
../benchmarking_Gurobi/8x8/3e1d3d1f-4f97-4535-ac1c-cb8f8eeda554.singles,8,2.8560569999999643
../benchmarking_Gurobi/8x8/414c993f-def7-433a-91d5-b4fd4f6f253d.singles,8,2.8936559999999645
../benchmarking_Gurobi/8x8/420df1c9-a542-42b3-9bba-bf6756625bbe.singles,8,2.860791000000063
../benchmarking_Gurobi/8x8/4b49d89b-f35b-41ed-8899-a551d24f007b.singles,8,2.871645999999828
../benchmarking_Gurobi/8x8/65235d5c-6f7e-4cf9-963f-51b448066838.singles,8,2.7963270000000193
../benchmarking_Gurobi/8x8/6e46addd-bf0d-442e-8840-9f5d46fad506.singles,8,2.782677000000149
../benchmarking_Gurobi/8x8/76e5bf3f-dfb5-4de9-97e2-0ffd93bf90a1.singles,8,2.863650000000007
../benchmarking_Gurobi/8x8/7b4e87c3-5256-4b23-8393-5339bee1ddac.singles,8,2.8058239999998023
../benchmarking_Gurobi/8x8/85b3183c-bf35-4829-b6d6-150b3c5be88e.singles,8,2.7804050000002007
../benchmarking_Gurobi/8x8/99968330-e97f-4a32-bce4-1aa316214fdc.singles,8,2.728817999999819
../benchmarking_Gurobi/8x8/a562f71d-be87-4a73-b3e8-20f7873aabaa.singles,8,2.7947270000001936
../benchmarking_Gurobi/8x8/bb338645-3d86-4f34-ba72-1c848b620d2f.singles,8,2.8263509999999314
../benchmarking_Gurobi/8x8/cc5782d9-ed90-4496-ab2f-533cc0b55ce8.singles,8,3.033046999999897
../benchmarking_Gurobi/8x8/e4fb57cb-b00f-4278-a17c-04b363dc65bf.singles,8,2.842675999999983
../benchmarking_Gurobi/8x8/fcb1d0e0-bee8-43ae-ad4f-e0bf6b352a45.singles,8,2.7379390000000967
../benchmarking_Gurobi/9x9/0a35e941-c93f-45fa-abdc-c32bfb5e070f.singles,9,2.7679450000000543
../benchmarking_Gurobi/9x9/19af6df1-caaa-4075-9eff-b136c4a4c794.singles,9,2.9081049999999777
../benchmarking_Gurobi/9x9/1a0789a8-68b5-4057-bbdd-1ddd00e8fc10.singles,9,2.862041999999974
../benchmarking_Gurobi/9x9/26cba71b-1762-4c01-b2ea-af1b4ab5517c.singles,9,2.952491999999893
../benchmarking_Gurobi/9x9/36b89a6d-9b81-4f7b-af4c-8023d5327480.singles,9,2.9116690000000744
../benchmarking_Gurobi/9x9/40e146ab-f2f1-40eb-a3fc-f441c95dcfb5.singles,9,3.008673999999928
../benchmarking_Gurobi/9x9/52fce013-3ffe-49dc-ae8c-3c91f335259e.singles,9,3.006422000000157
../benchmarking_Gurobi/9x9/7458629b-cfdd-4c29-b535-10ad0179f0b7.singles,9,3.247261999999864
../benchmarking_Gurobi/9x9/7ccce54a-d4c2-4bfe-9ed0-308cf1071d7e.singles,9,3.105015999999978
../benchmarking_Gurobi/9x9/8ab9203d-9a1a-468a-96bd-753fe5a8383e.singles,9,2.9380240000000413
../benchmarking_Gurobi/9x9/94b62242-2bd7-43bb-86b4-5f0e7b1106fd.singles,9,2.741312000000107
../benchmarking_Gurobi/9x9/a0adbebd-4720-4a32-bf8c-2393ad068a0a.singles,9,2.6953770000000077
../benchmarking_Gurobi/9x9/a4c58137-38e6-48d3-853d-d289e36e7304.singles,9,2.749654999999848
../benchmarking_Gurobi/9x9/abd45388-9e7b-4fd0-8de1-d7777cd1b13b.singles,9,2.883649000000105
../benchmarking_Gurobi/9x9/af4a15bc-8328-4994-a56a-2052086c6cda.singles,9,2.733165999999983
../benchmarking_Gurobi/9x9/ced4682d-2dd9-4ac4-b422-bfdab5adcbc8.singles,9,2.6948899999999867
../benchmarking_Gurobi/9x9/d7898b6d-a4c1-4109-8580-42a77d70c600.singles,9,2.738070999999991
../benchmarking_Gurobi/9x9/e93656fa-9a19-4ed9-b367-f03eb0e4a5e2.singles,9,2.749264999999923
../benchmarking_Gurobi/9x9/f2044310-0e26-486a-979f-2f6d18bbd37a.singles,9,2.9331710000001294
../benchmarking_Gurobi/9x9/fb246074-9e4d-4cc5-bfc8-b747126cd34c.singles,9,2.7213709999998628
